Game,alpha,gamma,omega,beta,Q_Deck_1,Q_Deck_2,Q_Deck_3,I_Deck_1,I_Deck_2,I_Deck_3,I_transformed_Deck_1,I_transformed_Deck_2,I_transformed_Deck_3,V_Deck_1,V_Deck_2,V_Deck_3,Softmax_Prob_Deck_1,Softmax_Prob_Deck_2,Softmax_Prob_Deck_3,Chosen_Deck,Chosen_Prob,Weighted_I_transformed_Deck_1,Weighted_I_transformed_Deck_2,Weighted_I_transformed_Deck_3
1,0.0783408433198928,1.847071886062622,0.8162781000137329,2.043585538864136,2.1935436129570007,13.412620641744017,2.036861926317215,1.0,4.0,1.0,1.0,12.94339138633563,1.0,1.3772655129432678,2.847213713171852,1.220583826303482,0.0456801614970877,0.9211556154993502,0.0331642229114465,2,0.9211556154993502,0.8162781000137329,10.565406928572164,0.8162781000137329
2,0.0782165974378585,1.8534296751022337,0.823566734790802,2.043585538864136,5.158349614736757,8.48364101582217,8.304051748541399,2.0,2.0,2.0,3.613582106599219,3.613582106599219,3.613582106599219,2.1823235983063705,5.507614999391784,5.328025732111012,0.0006604657457465,0.5903451715201474,0.4089943626750715,3,0.4089943626750715,2.9760260164303864,2.9760260164303864,2.9760260164303864
3,0.0782423466444015,1.847471833229065,0.8180280923843384,2.043585538864136,13.15775873634396,0.0,4.475495561425969,4.0,0.0,2.0,12.95056976834498,0.0,3.598690007258889,2.563828853454432,0.0,1.5316660397053994,0.8876070228762831,0.0047073519639011,0.107685625071055,1,0.8876070228762831,10.593929882889528,0.0,2.94382952172057
4,0.078093022108078,1.853388786315918,0.8271687030792236,2.043585538864136,11.48965563567041,0.0,3.5332452116858044,2.0,0.0,4.0,3.613479692098169,0.0,13.057235485205878,8.500698325154454,0.0,-7.267291330411959,0.9999999713584192,2.8541570562993263e-08,1e-10,1,0.9999999713584192,2.988957310515955,0.0,10.800536542097763
5,0.0780830979347229,1.8483779430389404,0.8217323422431946,2.043585538864136,0.0,16.424809641203996,6.915378321938832,0.0,4.0,2.0,0.0,12.966847652733842,3.600950937285017,0.0,5.769531548012347,3.956360473940788,7.394069854846208e-06,0.9759918798282132,0.0240007260043327,2,0.9759918798282132,0.0,10.655278093191649,2.9590178479980436
6,0.0782603397965431,1.8555735349655151,0.8186154961585999,2.043585538864136,13.714021569474856,0.0,4.36760864621753,4.0,0.0,2.0,13.096841943983632,0.0,3.618955919044004,2.992743803389935,0.0,1.4050752509732205,0.9604357545721371,0.0021200912587871,0.0374441540730321,1,0.9604357545721371,10.721277766084922,0.0,2.9625333952443094
7,0.0780561789870262,1.856835961341858,0.8261060118675232,2.043585538864136,7.069199073346058,0.0,6.25673398043572,2.0,0.0,4.0,3.622124062525321,0.0,13.119782724324937,4.076940609563874,0.0,-4.581597402524783,0.9997592451573912,0.0002407340751416,2.066749102541316e-08,1,0.9997592451573912,2.992258463782184,0.0,10.838331382960503
8,0.0782145783305168,1.8583297729492188,0.8248850703239441,2.043585538864136,6.457282844833942,7.70259857785879,4.575328629732068,2.0,2.0,2.0,3.6258764655088833,3.6258764655088833,3.6258764655088833,3.4663514815967127,4.711667214621562,1.5843972664948391,0.072656266265175,0.9257913288301286,0.0015524048121172,2,0.9257913288301286,2.990931363237229,2.990931363237229,2.990931363237229
9,0.0781038329005241,1.8573297262191768,0.8246964812278748,2.043585538864136,5.7638865760764855,9.882691332906475,6.483922817944197,2.0,2.0,2.0,3.623363952926532,3.623363952926532,3.623363952926532,2.775711073890052,6.894515830720043,3.495747315757764,0.0002207868111232,0.9988175605188616,0.0009616525701332,2,0.9988175605188616,2.988175502186434,2.988175502186434,2.988175502186434
10,0.0780467763543129,1.888547420501709,0.8310976624488831,2.043585538864136,0.0,6.462279495199604,9.10215857090196,0.0,2.0,4.0,0.0,3.702622379698657,13.709412486645348,0.0,3.385038690501129,-2.2917021002965168,0.0009891990695715,0.9990016521805642,9.148649964237138e-06,2,0.9990016521805642,0.0,3.0772408046984743,11.393860671198478
11,0.0781334638595581,1.862284779548645,0.824321448802948,2.043585538864136,6.245765239005763,6.732874676800279,0.0,4.0,2.0,0.0,13.219260418060417,3.635830086522253,0.0,-4.651154660913264,3.7357819522769073,0.0,3.599427889121263e-08,0.9995166641221098,0.0004832997836595,2,0.9995166641221098,10.896919899919027,2.9970927245233714,0.0
12,0.0781654566526413,1.8555837869644165,0.8244998455047607,2.043585538864136,8.035435933967104,8.268268946649881,0.0,4.0,2.0,0.0,13.097028081399444,3.618981635957752,0.0,-2.7630616957182514,5.2844191469181485,0.0,7.206221723244165e-08,0.9999795116619552,2.041617582978592e-05,2,0.9999795116619552,10.798497629685354,2.983849799731733,0.0
13,0.0770997107028961,1.936818242073059,0.862817645072937,2.043585538864136,6.754521596782855,0.0,11.470439951507498,2.0,0.0,4.0,3.828603455809979,0.0,14.658204421840114,3.4511349791227803,0.0,-1.1769174687423014,0.999057732910318,0.0008642640284959,7.800296128022669e-05,1,0.999057732910318,3.3033866176600744,0.0,12.647357420249799
14,0.0780716314911842,1.8635116815567017,0.8264915347099304,2.043585538864136,1.639504261314869,7.340165724307596,4.152584896333288,2.0,2.0,2.0,3.638923397605646,3.638923397605646,3.638923397605646,-1.3680351222640956,4.332626340728631,1.145045512754323,8.707904894053421e-06,0.9985111009169894,0.0014801910782654,2,0.9985111009169894,3.0075393835789646,3.0075393835789646,3.0075393835789646
15,0.0751965567469596,1.9711387157440183,0.8605132699012756,2.043585538864136,1.738550865009024,8.971170200304238,0.0,2.0,4.0,0.0,3.920774627398538,15.372473678852147,0.0,-1.635327730159648,-4.257047391556116,0.0,0.0341548563383741,0.0001609271332465,0.9656842164318108,1,0.0341548563383741,3.3738785951686716,13.228217591860354,0.0
16,0.0781675055623054,1.8506650924682615,0.8200722932815552,2.043585538864136,4.266132890350586,0.0,13.669698470805526,2.0,0.0,4.0,3.606664164560064,0.0,13.008026395921744,1.3084075378234097,0.0,3.002176433234979,0.0303680775260969,0.0020949909887984,0.967536931388351,3,0.967536931388351,2.9577253525271763,0.0,10.667522037570548
17,0.0779407992959022,1.855876445770264,0.8255294561386108,2.043585538864136,20.05115784014225,0.0,6.975129765749124,4.0,0.0,2.0,13.102342771105278,0.0,3.619715841209815,9.23478793817005,0.0,3.986947715978871,0.9999779927471638,6.367231403239293e-09,2.200078560699968e-05,1,0.9999779927471638,10.816369901972198,0.0,2.988182049770253
18,0.0779713615775108,1.8644546270370483,0.8253512382507324,2.043585538864136,0.0,8.82368960611872,7.764757423247977,0.0,2.0,4.0,0.0,3.641302575373009,13.259084445418113,0.0,5.818336016689026,-3.1786443418488872,6.856769049566686e-06,0.9999931327791552,1.0351795837702552e-08,2,0.9999931327791552,0.0,3.005353589429694,10.943401765096866
19,0.0799269303679466,1.7670550346374512,0.7766377925872803,2.043585538864136,0.0,0.3197077214717865,7.800980466235714,0.0,2.0,4.0,0.0,3.403584752450527,11.584389167113716,0.0,-2.323644827555116,-1.1958939649834832,0.9128379593303566,0.0079089214220394,0.0792531191563201,3,0.0792531191563201,0.0,2.6433525490269023,8.996874431219199
20,0.0789923369884491,1.8239952325820925,0.8006444573402405,2.043585538864136,0.0,9.798321109673012,1.9227651863388455,0.0,4.0,2.0,0.0,12.535872140778062,3.540603358296162,0.0,-0.2384554377668788,-0.911999268121218,0.5651727890954484,0.3471744604665576,0.0876527503814767,2,0.3471744604665576,0.0,10.03677654743989,2.8347644544600636
21,0.0773829370737075,1.86199963092804,0.8309667110443115,2.043585538864136,0.0,8.765911318738137,19.361823001345567,0.0,2.0,4.0,0.0,3.635111535855407,13.214035878109057,0.0,5.745254641509134,8.381399068091755,3.6255658887796276e-08,0.0045539920452667,0.9954459715995296,3,0.9954459715995296,0.0,3.0206566772290033,10.980423933253814
22,0.0783175304532051,1.8580567836761477,0.8254916071891785,2.043585538864136,4.3829422413023895,4.8283128817164656,5.791238057421534,2.0,2.0,2.0,3.625190435745019,3.625190435745019,3.625190435745019,1.3903779621323955,1.8357486025464715,2.79867377825154,0.0470302684083367,0.1168562332155742,0.8361134982924777,3,0.8361134982924777,2.992564279169994,2.992564279169994,2.992564279169994
23,0.078071728348732,1.8551244735717771,0.8275173306465149,2.043585538864136,2.029864937067032,1.4346012804870425,5.251689167553702,2.0,2.0,2.0,3.6178296377128993,3.6178296377128993,3.6178296377128993,-0.9639517874669944,-1.559215444046984,2.257872443019676,0.0013797354210435,0.0004087790685862,0.998211485410549,3,0.998211485410549,2.9938167245340264,2.9938167245340264,2.9938167245340264
24,0.0781604275107383,1.8624597787857056,0.8246535062789917,2.043585538864136,7.690089940315031,4.989601849281154,0.0,2.0,4.0,0.0,3.636271140289297,13.222467805700823,0.0,4.691426194694355,-5.914352588351116,0.0,0.9999314119492352,3.865017423746221e-10,6.858756426997187e-05,1,0.9999314119492352,2.998663745620676,10.903954437632269,0.0
25,0.0782517865300178,1.868199586868286,0.8253556489944458,2.043585538864136,7.183209048711881,5.442953364505166,0.0,4.0,2.0,0.0,13.328099524513036,3.6507669775696496,0.0,-3.81721318420514,2.4297722164056763,0.0,2.835754609096828e-06,0.9930706653532712,0.0069264987928124,2,0.9930706653532712,11.000422232917021,3.0131811480994894,0.0
26,0.0782410874962806,1.850061535835266,0.8200403451919556,2.043585538864136,4.78704955994834,0.0,14.040269546857289,2.0,0.0,4.0,3.605155619275145,0.0,12.997147039191155,1.8306765014472317,0.0,3.382084602328371,0.040255098786815,0.0009551304500479,0.958789770667258,3,0.958789770667258,2.956373058501108,0.0,10.658184944528918
27,0.0779857039451599,1.8616302013397217,0.8272165656089783,2.043585538864136,10.0304421972837,0.0,3.203332106171666,2.0,0.0,4.0,3.634180815367054,0.0,13.207270198781949,7.024187624393731,0.0,-7.721940588734544,0.9999994165792876,5.833206306863378e-07,1e-10,1,0.9999994165792876,3.0062545728899708,0.0,10.92527269490621
28,0.077582336962223,1.873592734336853,0.8329389095306396,2.043585538864136,10.67896187401002,12.49857012621402,0.0,2.0,4.0,0.0,3.664439979424048,13.428120362801318,0.0,7.626707233508075,1.3137661941761145,0.0,0.9999973341621422,2.4954594896660347e-06,1.702783684865894e-07,1,0.9999973341621422,3.052254640501946,11.184803932037907,0.0
29,0.077721506357193,1.8778647184371948,0.8333936929702759,2.043585538864136,0.0,12.216916581117944,9.991837573333678,0.0,4.0,2.0,0.0,13.50788069236169,3.675306884106644,0.0,0.9595340067087488,6.928859996388963,7.087777461572638e-07,5.036324466270096e-06,0.999994254797788,3,0.999994254797788,0.0,11.257382574409196,3.062977576944714
30,0.0783749669790268,1.8632749319076536,0.8224518299102783,2.043585538864136,0.0,6.216407109252862,4.390702904701966,0.0,4.0,2.0,0.0,13.237418197693229,3.638326290712974,0.0,-4.670731710727551,1.3983547890944052,0.0542866211117286,3.884496239153872e-06,0.9457094942974612,3,0.9457094942974612,0.0,10.887138819980414,2.9923481156075606
31,0.0778288096189498,1.908057451248169,0.8424431681632996,2.043585538864136,0.0,10.967814868879762,7.242303823632671,0.0,4.0,2.0,0.0,14.085265984071029,3.7530342369969167,0.0,-0.8982212311637898,4.080585770791657,0.0002389387861232,3.8115288530542784e-05,0.999722945825374,3,0.999722945825374,0.0,11.866036100043553,3.1617180528410143
32,0.0780993625521659,1.8735343217849727,0.8249191641807556,2.043585538864136,0.0,7.191968361119932,5.331571876116872,0.0,4.0,2.0,0.0,13.4270330380404,3.6642916147654514,0.0,-3.884248510047746,2.3088274999500045,0.0088513925884873,3.1598861414602832e-06,0.9911454474262568,3,0.9911454474262568,0.0,11.076216871167679,3.0227443761668673
33,0.0785832852125167,1.8722827434539795,0.8132141828536987,2.043585538864136,3.4542724691911864,0.0,6.043523691795904,2.0,0.0,4.0,3.6611141177041753,0.0,13.40375658285282,0.4770025436282452,0.0,-4.856601264898637,0.7260645761218277,0.2739220175876281,1.3406217937825311e-05,1,0.7260645761218277,2.977269925562941,0.0,10.90012495669454
34,0.0782610923051834,1.8506518602371216,0.8205673694610596,2.043585538864136,5.107386326844456,0.0,14.63124157459599,2.0,0.0,4.0,3.6066310848074776,0.0,13.007787781899562,2.1479025449674967,0.0,3.9574753718949545,0.0241665097083518,0.0002998554357082,0.9755336347583868,3,0.9755336347583868,2.9594837818769597,0.0,10.673766202701035
35,0.0790426358580589,1.7881791591644287,0.7956320643424988,2.043585538864136,6.49370546973298,12.435152144081387,0.0,2.0,4.0,0.0,3.4537871116251835,11.928645412428228,0.0,3.745761700311119,2.9443393697814386,0.0,0.8369000031481274,0.1627034970108718,0.0003964997573106,2,0.1627034970108718,2.747943769421861,9.490812774299949,0.0
36,0.0788058787584304,1.8548061847686768,0.8054792284965515,2.043585538864136,0.0,3.337040968306284,1.665904714281261,0.0,2.0,4.0,0.0,3.6170315566092937,13.082917281507449,0.0,0.4235971806409493,-8.872113404111559,0.2961587764860041,0.7038412194866219,3.956989954426238e-09,2,0.7038412194866219,0.0,2.9134437876653347,10.53801811839282
37,0.07749605178833,1.8626079559326167,0.8288305401802063,2.043585538864136,7.168790016986804,8.140782104746222,10.024132657069458,2.0,2.0,2.0,3.6366446356843465,3.6366446356843465,3.6366446356843465,4.154627879149098,5.126619966908516,7.009970519231752,0.0028538776239258,0.0208015523009964,0.9763445699774432,3,0.9763445699774432,3.0141621378377064,3.0141621378377064,3.0141621378377064
38,0.0782183781266212,1.8556956052780151,0.8254376649856567,2.043585538864136,15.86746349788456,0.0,0.8053391273020019,4.0,0.0,2.0,13.099058449654622,0.0,3.6192621416049184,5.055007277691013,0.0,-2.182136163835349,0.99996699550025,3.262692218246709e-05,3.774775709089813e-07,1,0.99996699550025,10.812456220193548,0.0,2.987475291137351
39,0.0783635601401329,1.8582829236984253,0.8194793462753296,2.043585538864136,4.482210554437608,0.0,13.58647601512487,2.0,0.0,4.0,3.625758722789202,0.0,13.146126315881986,1.5109761665342387,0.0,2.813497015732993,0.0650709945838602,0.0029673516501342,0.9319616536728096,3,0.9319616536728096,2.9712343879033694,0.0,10.772978999391876
40,0.0779457837343216,1.863017439842224,0.8269426226615906,2.043585538864136,7.3055681237469745,0.0,8.911121755520362,2.0,0.0,4.0,3.637676980549593,0.0,13.232693814820404,4.297417981055599,0.0,-2.031556772585029,0.999844160004161,0.0001534252480898,2.4146477649590634e-06,1,0.999844160004161,3.008150142691376,0.0,10.942678528105393
41,0.0774867460131645,1.882378935813904,0.8437650799751282,2.043585538864136,2.4194910891961943,1.782195158302784,0.0,4.0,2.0,0.0,13.592678527401732,3.6868249927819647,0.0,-9.049536395553137,-1.3286190265861917,0.0,8.720422164118737e-09,0.0620854817950082,0.9379145093907784,3,0.9379145093907784,11.469027484749331,3.1108141848889757,0.0
42,0.078379213809967,1.872814416885376,0.8346074819564819,2.043585538864136,0.0,11.861735183589968,19.221847252019938,0.0,2.0,4.0,0.0,3.6624635891915993,13.413639542154211,0.0,8.805015669657468,8.026723329870714,1.2730000171255176e-08,0.8306874076777996,0.1693125795091315,2,0.8306874076777996,0.0,3.0567195139325,11.195123922149223
43,0.0780941769480705,1.8614503145217896,0.8265612125396729,2.043585538864136,8.980984403483884,4.640581855164887,4.545380506000711,2.0,2.0,2.0,3.633727704731073,3.633727704731073,3.633727704731073,5.977486025822365,1.6370834775033685,1.5418821283391932,0.9997438237047408,0.0001405088488959,0.000115667346389,1,0.9997438237047408,3.003498377661518,3.003498377661518,3.003498377661518
44,0.0782248675823211,1.8523807525634768,0.8230045437812805,2.043585538864136,0.0,2.8101156871810997,5.316643353147418,0.0,4.0,2.0,0.0,13.039001636191609,3.610955778764344,0.0,-7.921041905776144,2.3448103398310907,0.0082290590104174,7.678626048396036e-10,0.9917709401225429,3,0.9917709401225429,0.0,10.731157592957246,2.9718330133163273
45,0.0787602514028549,1.7921323776245115,0.7955080270767212,2.043585538864136,7.534850394228242,0.0,13.46197943405002,2.0,0.0,4.0,3.463264026830811,0.0,11.994197719540365,4.779796060998283,0.0,3.920498869810356,0.8526722902554268,4.882333909882077e-05,0.1472788863202072,3,0.1472788863202072,2.755054333229959,0.0,9.541480564239665
46,0.0779675021767616,1.856695294380188,0.8247854709625244,2.043585538864136,0.0,8.608196320683732,9.278918660594709,0.0,4.0,2.0,0.0,13.117224539830737,3.621770912113401,0.0,-2.210699899121744,6.291734633128886,2.605983149923643e-06,2.8440407896171032e-08,0.9999973654764426,3,0.9999973654764426,0.0,10.818896219805477,2.987184027465823
47,0.0783111602067947,1.8601229190826416,0.8191447854042053,2.043585538864136,4.33353760635433,0.0,4.088085144162293,2.0,0.0,4.0,3.6303859206594966,0.0,13.1797019329227,1.3597259104412585,0.0,-6.7079989673730624,0.9415147314941796,0.0584852033123125,6.509935627633318e-08,1,0.9415147314941796,2.9738116959130716,0.0,10.796084111535356
48,0.077523648738861,1.8693464994430544,0.8318253755569458,2.043585538864136,5.532412858806985,11.088260121328757,8.292609372096692,2.0,2.0,2.0,3.6536704153783783,3.6536704153783783,3.6536704153783783,2.4931970933735634,8.049044355895333,5.25339360666327,1.1685548899419646e-05,0.9966969724921404,0.0032913418592905,2,0.9966969724921404,3.0392157654334215,3.0392157654334215,3.0392157654334215
49,0.0776168331503868,1.8591727018356323,0.829716145992279,2.043585538864136,4.064097148469245,10.820685966048847,8.235932994030351,2.0,2.0,2.0,3.6279955890748186,3.6279955890748186,3.6279955890748186,1.0538906306250988,7.810479448204703,5.225726476186205,1.0027776491039691e-06,0.9949432687883804,0.0050557283344761,2,0.9949432687883804,3.0102065178441464,3.0102065178441464,3.0102065178441464
50,0.0773005932569503,1.8635655641555784,0.8345383405685425,2.043585538864136,9.47657858571374,11.27165963762634,5.201903167860849,2.0,2.0,2.0,3.639059308734345,3.639059308734345,3.639059308734345,6.439644068972071,8.234725120884672,2.1649686511191817,0.0248821955130274,0.9751138045952212,3.99979423997439e-06,2,0.9751138045952212,3.0369345167416673,3.0369345167416673,3.0369345167416673
51,0.0781797617673873,1.8629859685897827,0.8247805833816528,2.043585538864136,4.922770560980039,5.775358650088611,2.747238596975886,2.0,2.0,2.0,3.637597628365902,3.637597628365902,3.637597628365902,1.9225506669486936,2.775138756057266,-0.2529812970554594,0.1487564268942591,0.8494991487184395,0.0017444243023514,2,0.8494991487184395,3.0002198940313454,3.0002198940313454,3.0002198940313454
52,0.0780985876917839,1.8649606704711916,0.8259935975074768,2.043585538864136,7.42117331469688,11.804024062651228,0.0,4.0,2.0,0.0,13.26838929015472,3.642580032086422,0.0,-3.538431288207695,8.795276277739264,0.0,1e-10,0.999999984255962,1.5632724003454117e-08,2,0.999999984255962,10.959604602904575,3.008747784911964,0.0
53,0.0782306119799614,1.855495810508728,0.827131450176239,2.043585538864136,5.815676148331212,5.953777286338857,7.053796122229167,2.0,2.0,2.0,3.618760954898317,3.618760954898317,3.618760954898317,2.822485151865016,2.960586289872661,4.0606051257629705,0.0671946344347962,0.0891049499701488,0.8437004155106848,3,0.8437004155106848,2.9931909964661965,2.9931909964661965,2.9931909964661965
54,0.0788983330130577,1.808475375175476,0.7999160289764404,2.043585538864136,10.943965059767011,4.509801890502846,0.0,4.0,2.0,0.0,12.269042438800764,3.5027192920359407,0.0,1.1297613527780843,1.7079205837982876,0.0,0.2294261206741144,0.7477725895432167,0.0228012897078916,1,0.2294261206741144,9.814203706988929,2.8018813067045585,0.0
55,0.0799126997590065,1.7377525568008425,0.7751429677009583,2.043585538864136,9.901567738486694,0.0,5.149797617204696,4.0,0.0,2.0,11.123239524201892,0.0,3.335152099110608,1.279466843248244,0.0,2.564577921366019,0.067137456755284,0.0049137734633967,0.9279487696885244,1,0.067137456755284,8.62210089523845,0.0,2.5852196958386773
56,0.0781001821160316,1.8593791723251345,0.8260284066200256,2.043585538864136,11.413754798145012,6.051631021303484,3.181418316039199,2.0,2.0,2.0,3.628514844779015,3.628514844779015,3.628514844779015,8.416498462515094,3.0543746856735643,0.1841619804092795,0.999982531980928,1.7418528253610527e-05,4.9390820292089363e-08,1,0.999982531980928,2.9972563356299196,2.9972563356299196,2.9972563356299196
57,0.078147254884243,1.8502906560897827,0.8253273963928223,2.043585538864136,7.509375816127159,1.370008627240717,3.9647016989325374,2.0,2.0,2.0,3.605728214137158,3.605728214137158,3.605728214137158,4.533469537053199,-1.605897651833244,0.9887954198585764,0.9992823980987248,3.5554110892095155e-06,0.0007140463902576,1,0.9992823980987248,2.975906279073961,2.975906279073961,2.975906279073961
58,0.0748243927955627,1.917769312858581,0.90566486120224,2.043585538864136,0.0,3.5648815877949573,3.562061567546948,0.0,4.0,2.0,0.0,14.27618528536206,3.778383951554164,0.0,-9.364557777169937,0.140111990493875,0.4289023741988667,2.094814559580656e-09,0.571097623649209,1,0.4289023741988667,0.0,12.92943936496489,3.421949577053073
59,0.0781343132257461,1.860285758972168,0.826245903968811,2.043585538864136,0.0,2.3980707142651294,10.931422000504735,0.0,4.0,2.0,0.0,13.182677507674024,3.630795712743148,0.0,-8.494062579792308,7.931491914703189,9.133952131067229e-08,1e-10,0.999999908560476,3,0.999999908560476,0.0,10.892133294057437,2.999930085801546
60,0.0784076899290084,1.8421186208724976,0.8142569065093994,2.043585538864136,11.680538341792316,1.0131522032371068,0.0,4.0,2.0,0.0,12.854817664837269,3.5853615807666133,0.0,1.2134142762795417,-1.906253226235566,0.0,0.92125981370126,0.0015689940818758,0.0771711921247381,1,0.92125981370126,10.467124065512776,2.919405429472673,0.0
61,0.0779359117150306,1.9180693626403809,0.8536234498023987,2.043585538864136,15.198498607053969,9.252046792531852,0.0,4.0,2.0,0.0,14.282124804348792,3.779169856509336,0.0,3.0069419610573416,6.026058782229118,0.0,0.0020872301637534,0.997908294093236,4.4756432198482986e-06,2,0.997908294093236,12.191556645996624,3.225988010302735,0.0
62,0.078203871846199,1.848023772239685,0.8202062845230103,2.043585538864136,4.111621738817108,14.369200442498418,0.0,2.0,4.0,0.0,3.6000670393692578,12.960482687952934,0.0,1.158824128422296,3.738931091387745,0.0,0.0051012792881693,0.994420969267987,0.0004777513444016,2,0.994420969267987,2.9527976103948124,10.630269351110673,0.0
63,0.0780485570430755,1.862167477607727,0.8247501850128174,2.043585538864136,4.69167073522303,0.0,21.395542543142007,2.0,0.0,4.0,3.635534478250261,0.0,13.217110942546396,1.6932630016656511,0.0,10.494727847941936,1.54362639050418e-08,4.849991001322867e-10,0.999999983978737,3,0.999999983978737,2.998407733557379,0.0,10.900814695200074
64,0.0780108198523521,1.8771878480911253,0.8256031274795532,2.043585538864136,5.4402940769623065,0.0,7.8242628173313,2.0,0.0,4.0,3.673582941981807,0.0,13.495211631619709,2.4073725110065887,0.0,-3.317426111732374,0.9927432166807392,0.007248542302874,8.240917112379225e-06,1,0.9927432166807392,3.032921565955718,0.0,11.141688929063676
65,0.0779480561614036,1.862688660621643,0.8259261250495911,2.043585538864136,9.845602752773363,4.565439905796008,7.14380165858167,2.0,2.0,2.0,3.63684807610337,3.63684807610337,3.63684807610337,6.841834913883249,1.5616720669058908,4.140033819691553,0.9959951114596456,2.051247405241816e-05,0.0039843759667023,1,0.9959951114596456,3.003767838890117,3.003767838890117,3.003767838890117
66,0.0782023146748542,1.8645110130310056,0.8275893330574036,2.043585538864136,5.332202669176477,5.037740216538574,7.14790220116793,2.0,2.0,2.0,3.6414448940693087,3.6414448940693087,3.6414448940693087,2.3185817179283696,2.024119265290467,4.134281249919823,0.0235717797064589,0.0129137290312013,0.9635144911659884,3,0.9635144911659884,3.013620951248107,3.013620951248107,3.013620951248107
67,0.0781066715717315,1.861230969429016,0.8247073292732239,2.043585538864136,4.983020257401427,1.0385875327081129,0.3124266862869262,2.0,2.0,2.0,3.6331752804621815,3.6331752804621815,3.6331752804621815,1.9867139750699647,-1.957718749623349,-2.683879596044536,0.9996128956036324,0.0003155564863192,7.154781008690863e-05,1,0.9996128956036324,2.996306282331462,2.996306282331462,2.996306282331462
68,0.0782668590545654,1.860755562782288,0.8233270645141602,2.043585538864136,0.0,14.874554274527531,3.200081006237099,0.0,4.0,2.0,0.0,13.191266002373004,3.631978249160229,0.0,4.013827959568326,0.2097750159767284,0.0002737500649584,0.999305975066864,0.0004202747682469,2,0.999305975066864,0.0,10.860726314959205,2.9903059902603704
69,0.0792896151542663,1.7917604446411133,0.7924733757972717,2.043585538864136,0.0,10.226379709590068,4.295621057998748,0.0,4.0,2.0,0.0,11.988015002142957,3.4623712975564818,0.0,0.7261969917335023,1.5517839875605826,0.0341916536750477,0.1508109763465296,0.814997369896923,2,0.1508109763465296,0.0,9.500182717856566,2.743837070438165
70,0.0782721415162086,1.8540186882019043,0.8272337317466736,2.043585538864136,7.628419802676346,4.84875460118976,6.082729281036498,2.0,2.0,2.0,3.6150577349820976,3.6150577349820976,3.6150577349820976,4.637922102087428,1.8582569006008416,3.09223158044758,0.956122870678032,0.0032622032868862,0.0406149259394693,1,0.956122870678032,2.990497700588918,2.990497700588918,2.990497700588918
71,0.0780857875943183,1.859482765197754,0.8270410299301147,2.043585538864136,8.266274953491099,2.905105741021242,5.048826062092582,2.0,2.0,2.0,3.628775400032296,3.628775400032296,3.628775400032296,5.265128809263324,-0.0960404032065325,2.0476799178648077,0.9985899164189924,1.7428235227610702e-05,0.0013926552459207,1,0.9985899164189924,3.001146144227774,3.001146144227774,3.001146144227774
72,0.078249491751194,1.8629956245422363,0.826532781124115,2.043585538864136,2.6223955350647064,5.821803140464404,6.906399345782448,2.0,2.0,2.0,3.6376219748745497,3.6376219748745497,3.6376219748745497,-0.3842182725065508,2.8151893328931465,3.8997855382111903,0.0001421932550594,0.0982676540715053,0.9015901525832763,3,0.9015901525832763,3.006613807571257,3.006613807571257,3.006613807571257
73,0.0772866681218147,1.8658024072647093,0.8337246179580688,2.043585538864136,10.687261258407826,4.517370196141438,9.123973518543432,2.0,2.0,2.0,3.644705906353477,3.644705906353477,3.644705906353477,7.648580219063756,1.4786891567973686,6.085292479199364,0.9606317181232612,3.211204933909657e-06,0.0393650705757417,1,0.9606317181232612,3.0386810393440693,3.0386810393440693,3.0386810393440693
74,0.0783062949776649,1.8621234893798828,0.8271794319152832,2.043585538864136,2.955835490798868,5.514007630876282,5.779585894974922,2.0,2.0,2.0,3.635423631344684,3.635423631344684,3.635423631344684,-0.0513121633482236,2.506859976729191,2.7724382408278303,0.0019680673655932,0.3668289341540637,0.6312029984172228,3,0.6312029984172228,3.0071476541470914,3.0071476541470914,3.0071476541470914
75,0.0781747549772262,1.861757516860962,0.8266236186027527,2.043585538864136,5.005479475475683,6.910958011380345,7.830721194159812,2.0,2.0,2.0,3.634501540141172,3.634501540141172,3.634501540141172,2.001114660546909,3.906593196451571,4.826356379231038,0.0026895564473708,0.1320769452288137,0.8652334982372922,3,0.8652334982372922,3.0043648149287736,3.0043648149287736,3.0043648149287736
76,0.0780533328652381,1.853205919265747,0.8265697360038757,2.043585538864136,9.691155927790682,9.750932292341805,5.0528959416011805,2.0,2.0,2.0,3.61302169891416,3.61302169891416,3.61302169891416,6.704741535942929,6.764517900494052,2.066481549753429,0.4694815378727792,0.5304825632974391,3.5898776733343945e-05,2,0.5304825632974391,2.986414391847752,2.986414391847752,2.986414391847752
77,0.0780897960066795,1.861009955406189,0.8230563998222351,2.043585538864136,5.214403722796286,7.047736045090365,0.0,4.0,2.0,0.0,13.195918895010458,3.6326187379093966,0.0,-5.6465817752772285,4.057885944739866,0.0,2.4378234617454262e-09,0.9997497067231575,0.0002502907390439,2,0.9997497067231575,10.860985498073514,2.9898501003504996,0.0
78,0.0782430693507194,1.8612608909606931,0.8255602121353149,2.043585538864136,7.145358626951538,0.3606054572464898,6.849409639885165,2.0,2.0,2.0,3.633250633390899,3.633250633390899,3.633250633390899,4.14589146330858,-2.6388617063964683,3.849942476242207,0.6467526338340248,6.153867851510607e-07,0.3532467507145148,1,0.6467526338340248,2.999467163642958,2.999467163642958,2.999467163642958
79,0.0781336054205894,1.8604826927185056,0.8268955945968628,2.043585538864136,8.318748304516248,8.629332368209997,0.0,2.0,4.0,0.0,3.631291364967524,13.1862769772877,0.0,5.3160494721269735,-2.274341973443238,0.0,0.9999806782480158,1.833931708063433e-07,1.913825881532643e-05,1,0.9999806782480158,3.002698832389274,10.903674341653236,0.0
80,0.0774904191493988,1.8758503198623655,0.8435102701187134,2.043585538864136,0.0,1.6327320405673795,2.817281983483663,0.0,2.0,4.0,0.0,3.670178727107648,13.470211888913518,0.0,-1.4631014089191483,-8.544980085490081,0.9521190501363412,0.0478809249446458,2.482380085933923e-08,1,0.9521190501363412,0.0,3.095833449486528,11.362262068973745
81,0.0779313296079635,1.862950682640076,0.8265129923820496,2.043585538864136,10.755489437333026,6.776961271472583,6.39337791556723,2.0,2.0,2.0,3.6375086597941286,3.6375086597941286,3.6375086597941286,7.749041270110961,3.770513104250519,3.386929748345166,0.9995713058132376,0.0002943057362296,0.0001343883505757,1,0.9995713058132376,3.006448167222064,3.006448167222064,3.006448167222064
82,0.0776224955916404,1.922113060951233,0.8521090745925903,2.043585538864136,9.05490786456354,14.102599922513445,0.0,2.0,4.0,0.0,3.789777267568404,14.362411737778238,0.0,5.825604264183791,1.864258547717473,0.0,0.9996883870688924,0.000304859213775,6.753617363490327e-06,1,0.9996883870688924,3.2293036003797484,12.238341374795972,0.0
83,0.0782029181718826,1.8552664518356323,0.8255382776260376,2.043585538864136,4.461079761876121,9.733466052358166,2.212843359289213,2.0,2.0,2.0,3.6181856924797984,3.6181856924797984,3.6181856924797984,1.4741289771751762,6.746515267657221,-0.7741074254117319,2.0924423038976613e-05,0.9999788639803632,2.1149659982810457e-07,2,0.9999788639803632,2.986950784700945,2.986950784700945,2.986950784700945
84,0.0782152190804481,1.8538814783096316,0.824586808681488,2.043585538864136,1.2147377823123553,3.475547667784565,5.441849538422389,2.0,2.0,2.0,3.614713935300538,3.614713935300538,3.614713935300538,-1.765907645893618,0.4949022395785918,2.4612041102164155,0.0001739988125332,0.0176626383994583,0.982163362689792,3,0.982163362689792,2.9806454282059733,2.9806454282059733,2.9806454282059733
85,0.0776415541768074,1.855612635612488,0.8282119035720825,2.043585538864136,11.540852788714025,7.194376130768935,7.569802291804928,2.0,2.0,2.0,3.619054003137563,3.619054003137563,3.619054003137563,8.543509183645297,4.197032525700209,4.572458686736201,0.999562414605786,0.0001387503164874,0.0002988349777704,1,0.999562414605786,2.9973436050687265,2.9973436050687265,2.9973436050687265
86,0.0780025869607925,1.8615431785583496,0.8280524015426636,2.043585538864136,11.88633168257975,6.093086611638884,7.171859362462132,2.0,2.0,2.0,3.6339616096613727,3.6339616096613727,3.6339616096613727,8.877221044585806,3.083975973644941,4.162748724468189,0.9999273509161514,7.217048369077291e-06,6.543193548676691e-05,1,0.9999273509161514,3.009110637993943,3.009110637993943,3.009110637993943
87,0.0780889987945556,1.858069658279419,0.8254391551017761,2.043585538864136,7.635791723476927,7.646174291330053,0.0,2.0,4.0,0.0,3.625222787070542,13.14224025589551,0.0,4.643390889061713,-3.201945401640887,0.0,0.999924229569952,1.0891570914128253e-07,7.566141434667972e-05,1,0.999924229569952,2.992400834415214,10.84811969297094,0.0
88,0.0782797485589981,1.8578298091888428,0.8215773701667786,2.043585538864136,14.959087461082603,4.368649283457011,0.0,4.0,2.0,0.0,13.13787116846632,3.624620141265333,0.0,4.165309816904104,1.3907433999427017,0.0,0.9963646110982018,0.0034351117561094,0.0002002770460523,1,0.9963646110982018,10.793777644178501,2.9779058835143095,0.0
89,0.0782848969101905,1.855989933013916,0.8224248886108398,2.043585538864136,14.276222063440049,3.5922048744146906,0.0,4.0,2.0,0.0,13.104404281956649,3.620000591430428,0.0,3.4988338315404377,0.6150262912363464,0.0,0.9964699314448212,0.0027481049878064,0.0007819634677253,1,0.9964699314448212,10.777388231899609,2.977178583178344,0.0
90,0.0781279951333999,1.8623342514038088,0.826504647731781,2.043585538864136,6.209944333011792,6.366200323278592,2.949328072225565,2.0,2.0,2.0,3.635954765916293,3.635954765916293,3.635954765916293,3.204810820039455,3.361066810306255,-0.0558054407467709,0.4206148528627427,0.5788480791325983,0.0005370679467741,2,0.5788480791325983,3.005133512972336,3.005133512972336,3.005133512972336
91,0.0782099068164825,1.8620702028274536,0.8257045745849609,2.043585538864136,1.8696126170726632,4.647160168321903,6.806453611562199,2.0,2.0,2.0,3.635289357912713,3.635289357912713,3.635289357912713,-1.132062435695889,1.6454851155533503,3.804778558793647,4.1040654428833966e-05,0.0119767093594639,0.9879822498873092,3,0.9879822498873092,3.0016750527685523,3.0016750527685523,3.0016750527685523
92,0.0775705426931381,1.892323851585388,0.8385063409805298,2.043585538864136,13.035716526537502,0.0,9.51986060634954,4.0,0.0,2.0,13.781372822056817,0.0,3.7123271437276126,1.479948027826124,0.0,6.407050756539798,4.237295225873306e-05,2.058772337166682e-06,0.9999555681754084,3,0.9999555681754084,11.555768498711378,0.0,3.1128098498097416
93,0.0781440809369087,1.8594441413879397,0.8249843716621399,2.043585538864136,6.660616001863574,0.0,6.074438050773948,4.0,0.0,2.0,13.16730585517776,0.0,3.6286782518126017,-4.202205545553464,0.0,3.080835203238256,3.430604538179274e-07,0.0018403625828362,0.998159294256894,3,0.998159294256894,10.86282154741704,0.0,2.9936028475356915
94,0.0782413110136985,1.8604656457901,0.8263195157051086,2.043585538864136,8.156219857520615,6.411765028947829,7.901789991506941,2.0,2.0,2.0,3.631248457772,3.631248457772,3.631248457772,5.155648390489533,3.4111935619167477,4.90121852447586,0.6162001376466295,0.0174376061787899,0.3663622561129606,1,0.6162001376466295,3.0005714670310817,3.0005714670310817,3.0005714670310817
95,0.0774291977286338,1.8571429252624512,0.831131100654602,2.043585538864136,8.264900511528868,11.581346550812196,5.525411638585247,2.0,2.0,2.0,3.6228948281175017,3.6228948281175017,3.6228948281175017,5.253799945479704,8.570245984763032,2.5143110725360827,0.0011378850957052,0.9988579002376756,4.21456673344463e-06,2,0.9988579002376756,3.0111005660491643,3.0111005660491643,3.0111005660491643
96,0.0782015845179557,1.8494412899017332,0.8166725039482117,2.043585538864136,0.5474110916256905,12.786461583956632,0.0,2.0,4.0,0.0,3.603606017697699,12.98597633078707,0.0,-2.3955548580903328,2.1811717776805466,0.0,8.570976959519598e-05,0.9884557787805764,0.0114585113509828,2,0.9884557787805764,2.942965949716023,10.605289806276087,0.0
97,0.0782064720988273,1.8575034141540527,0.8250935077667236,2.043585538864136,5.019648548608226,5.790785572557264,7.941259662621455,2.0,2.0,2.0,3.623800200691427,3.623800200691427,3.623800200691427,2.029674529573979,2.8008115535230167,4.951285643587209,0.0025153381405837,0.0121617005506492,0.9853229612102348,3,0.9853229612102348,2.9899740190342468,2.9899740190342468,2.9899740190342468
98,0.0782337337732315,1.8576619625091555,0.8275578022003174,2.043585538864136,3.2049171076463323,5.756027736662468,7.415964708672552,2.0,2.0,2.0,3.624198468597352,3.624198468597352,3.624198468597352,0.2056833882361521,2.756794017252288,4.416730989262373,0.0001770827088605,0.0325336329958839,0.9672892841985266,3,0.9672892841985266,2.9992337194101806,2.9992337194101806,2.9992337194101806
99,0.0781743973493576,1.8550204038619995,0.8272529244422913,2.043585538864136,4.597523619084627,4.711093758976795,2.133881998173596,2.0,2.0,2.0,3.6175686727200818,3.6175686727200818,3.6175686727200818,1.6048793552061211,1.7184494950982896,-0.8587622657049097,0.4409672700179029,0.5561627407296081,0.0028699891968724,2,0.5561627407296081,2.9926442638785056,2.9926442638785056,2.9926442638785056
100,0.0782597512006759,1.8585872650146484,0.8285763263702393,2.043585538864136,8.821968192395856,0.0,8.686157465166943,4.0,0.0,2.0,13.151673924207572,0.0,3.626523669329565,-2.075197473343323,0.0,5.681305805739132,1.3060515663358674e-07,9.072673358668488e-06,0.9999907966214856,3,0.9999907966214856,10.897165665739179,0.0,3.004851659427811
