Game,alpha,gamma,omega,beta,Q_Deck_1,Q_Deck_2,Q_Deck_3,I_Deck_1,I_Deck_2,I_Deck_3,I_transformed_Deck_1,I_transformed_Deck_2,I_transformed_Deck_3,V_Deck_1,V_Deck_2,V_Deck_3,Softmax_Prob_Deck_1,Softmax_Prob_Deck_2,Softmax_Prob_Deck_3,Chosen_Deck,Chosen_Prob
1,0.07834084331989288,1.847071886062622,0.8162781000137329,2.0435855388641357,2.1935436129570007,13.412620641744017,2.036861926317215,1.0,4.0,1.0,1.0,12.94339138633563,1.0,1.3772655129432678,2.8472137131718522,1.220583826303482,0.045680161497087764,0.9211556154993502,0.03316422291144657,2,0.9211556154993502
2,0.07821659743785858,1.8534296751022339,0.823566734790802,2.0435855388641357,5.158349614736757,8.48364101582217,8.304051748541399,2.0,2.0,2.0,3.613582106599219,3.613582106599219,3.613582106599219,2.1823235983063705,5.507614999391784,5.328025732111012,0.0006604657457465206,0.5903451715201474,0.40899436267507155,3,0.40899436267507155
3,0.07824234664440155,1.847471833229065,0.8180280923843384,2.0435855388641357,13.15775873634396,0.0,4.475495561425969,4.0,0.0,2.0,12.95056976834498,0.0,3.598690007258889,2.5638288534544316,0.0,1.5316660397053994,0.8876070228762831,0.00470735196390117,0.107685625071055,1,0.8876070228762831
4,0.078093022108078,1.853388786315918,0.8271687030792236,2.0435855388641357,11.48965563567041,0.0,3.5332452116858044,2.0,0.0,4.0,3.613479692098169,0.0,13.057235485205878,8.500698325154454,0.0,-7.267291330411959,0.9999999713584192,2.8541570562993263e-08,1e-10,1,0.9999999713584192
5,0.0780830979347229,1.8483779430389404,0.8217323422431946,2.0435855388641357,0.0,16.424809641203996,6.915378321938832,0.0,4.0,2.0,0.0,12.966847652733842,3.600950937285017,0.0,5.769531548012347,3.956360473940788,7.394069854846208e-06,0.9759918798282132,0.024000726004332746,2,0.9759918798282132
6,0.07826033979654312,1.8555735349655151,0.8186154961585999,2.0435855388641357,13.714021569474857,0.0,4.36760864621753,4.0,0.0,2.0,13.096841943983632,0.0,3.618955919044004,2.992743803389935,0.0,1.4050752509732205,0.9604357545721373,0.002120091258787163,0.037444154073032185,1,0.9604357545721373
7,0.07805617898702621,1.856835961341858,0.8261060118675232,2.0435855388641357,7.069199073346058,0.0,6.25673398043572,2.0,0.0,4.0,3.6221240625253213,0.0,13.119782724324937,4.076940609563874,0.0,-4.581597402524783,0.9997592451573913,0.00024073407514164092,2.0667491025413162e-08,1,0.9997592451573913
8,0.07821457833051682,1.8583297729492188,0.8248850703239441,2.0435855388641357,6.457282844833942,7.70259857785879,4.575328629732068,2.0,2.0,2.0,3.6258764655088833,3.6258764655088833,3.6258764655088833,3.4663514815967127,4.711667214621562,1.5843972664948391,0.07265626626517502,0.9257913288301286,0.001552404812117219,2,0.9257913288301286
9,0.07810383290052414,1.8573297262191772,0.8246964812278748,2.0435855388641357,5.7638865760764855,9.882691332906477,6.4839228179441974,2.0,2.0,2.0,3.6233639529265322,3.6233639529265322,3.6233639529265322,2.7757110738900517,6.894515830720043,3.4957473157577637,0.00022078681112328895,0.9988175605188616,0.0009616525701332442,2,0.9988175605188616
10,0.0780467763543129,1.888547420501709,0.8310976624488831,2.0435855388641357,0.0,6.462279495199604,9.10215857090196,0.0,2.0,4.0,0.0,3.7026223796986573,13.709412486645347,0.0,3.385038690501129,-2.2917021002965168,0.0009891990695715422,0.9990016521805642,9.148649964237138e-06,2,0.9990016521805642
11,0.0781334638595581,1.862284779548645,0.824321448802948,2.0435855388641357,6.245765239005763,6.732874676800279,0.0,4.0,2.0,0.0,13.219260418060417,3.6358300865222533,0.0,-4.651154660913264,3.7357819522769073,0.0,3.599427889121263e-08,0.9995166641221098,0.00048329978365959573,2,0.9995166641221098
12,0.0781654566526413,1.8555837869644165,0.8244998455047607,2.0435855388641357,8.035435933967104,8.268268946649881,0.0,4.0,2.0,0.0,13.097028081399445,3.618981635957752,0.0,-2.7630616957182514,5.2844191469181485,0.0,7.206221723244164e-08,0.9999795116619551,2.0416175829785918e-05,2,0.9999795116619551
13,0.07709971070289612,1.936818242073059,0.862817645072937,2.0435855388641357,6.754521596782855,0.0,11.470439951507498,2.0,0.0,4.0,3.828603455809979,0.0,14.658204421840114,3.4511349791227803,0.0,-1.1769174687423014,0.9990577329103181,0.0008642640284959747,7.800296128022669e-05,1,0.9990577329103181
14,0.07807163149118423,1.8635116815567017,0.8264915347099304,2.0435855388641357,1.639504261314869,7.340165724307596,4.152584896333288,2.0,2.0,2.0,3.638923397605646,3.638923397605646,3.638923397605646,-1.3680351222640956,4.332626340728631,1.145045512754323,8.707904894053421e-06,0.9985111009169894,0.001480191078265493,2,0.9985111009169894
15,0.07519655674695969,1.9711387157440186,0.8605132699012756,2.0435855388641357,1.738550865009024,8.971170200304238,0.0,2.0,4.0,0.0,3.9207746273985387,15.372473678852147,0.0,-1.635327730159648,-4.257047391556116,0.0,0.034154856338374145,0.00016092713324656984,0.9656842164318108,1,0.034154856338374145
16,0.07816750556230545,1.8506650924682617,0.8200722932815552,2.0435855388641357,4.266132890350586,0.0,13.669698470805526,2.0,0.0,4.0,3.606664164560064,0.0,13.008026395921744,1.3084075378234097,0.0,3.002176433234979,0.030368077526096916,0.002094990988798424,0.967536931388351,3,0.967536931388351
17,0.07794079929590225,1.8558764457702637,0.8255294561386108,2.0435855388641357,20.05115784014225,0.0,6.975129765749124,4.0,0.0,2.0,13.102342771105278,0.0,3.619715841209815,9.23478793817005,0.0,3.9869477159788707,0.9999779927471638,6.367231403239293e-09,2.200078560699968e-05,1,0.9999779927471638
18,0.07797136157751083,1.8644546270370483,0.8253512382507324,2.0435855388641357,0.0,8.82368960611872,7.764757423247977,0.0,2.0,4.0,0.0,3.6413025753730093,13.259084445418111,0.0,5.818336016689026,-3.1786443418488872,6.856769049566686e-06,0.9999931327791552,1.0351795837702553e-08,2,0.9999931327791552
19,0.07992693036794662,1.7670550346374512,0.7766377925872803,2.0435855388641357,0.0,0.3197077214717865,7.800980466235714,0.0,2.0,4.0,0.0,3.403584752450527,11.584389167113715,0.0,-2.323644827555116,-1.1958939649834832,0.9128379593303566,0.007908921422039488,0.07925311915632012,3,0.07925311915632012
20,0.0789923369884491,1.8239952325820923,0.8006444573402405,2.0435855388641357,0.0,9.798321109673012,1.9227651863388457,0.0,4.0,2.0,0.0,12.535872140778062,3.540603358296162,0.0,-0.23845543776687883,-0.9119992681212179,0.5651727890954484,0.3471744604665576,0.08765275038147675,2,0.3471744604665576
21,0.07738293707370758,1.8619996309280396,0.8309667110443115,2.0435855388641357,0.0,8.765911318738137,19.361823001345567,0.0,2.0,4.0,0.0,3.635111535855407,13.214035878109055,0.0,5.745254641509134,8.381399068091755,3.625565888779627e-08,0.004553992045266759,0.9954459715995297,3,0.9954459715995297
22,0.07831753045320511,1.8580567836761475,0.8254916071891785,2.0435855388641357,4.3829422413023895,4.8283128817164656,5.791238057421534,2.0,2.0,2.0,3.625190435745019,3.625190435745019,3.625190435745019,1.3903779621323955,1.8357486025464715,2.79867377825154,0.04703026840833671,0.11685623321557422,0.8361134982924777,3,0.8361134982924777
23,0.078071728348732,1.8551244735717773,0.8275173306465149,2.0435855388641357,2.029864937067032,1.4346012804870423,5.251689167553702,2.0,2.0,2.0,3.6178296377128993,3.6178296377128993,3.6178296377128993,-0.9639517874669945,-1.559215444046984,2.257872443019676,0.0013797354210435431,0.00040877906858622536,0.998211485410549,3,0.998211485410549
24,0.07816042751073837,1.8624597787857056,0.8246535062789917,2.0435855388641357,7.690089940315031,4.989601849281154,0.0,2.0,4.0,0.0,3.6362711402892973,13.222467805700825,0.0,4.691426194694355,-5.914352588351116,0.0,0.9999314119492353,3.865017423746221e-10,6.858756426997187e-05,1,0.9999314119492353
25,0.07825178653001785,1.8681995868682861,0.8253556489944458,2.0435855388641357,7.183209048711881,5.442953364505166,0.0,4.0,2.0,0.0,13.328099524513036,3.6507669775696496,0.0,-3.8172131842051398,2.4297722164056763,0.0,2.8357546090968277e-06,0.9930706653532713,0.006926498792812495,2,0.9930706653532713
26,0.07824108749628067,1.8500615358352661,0.8200403451919556,2.0435855388641357,4.78704955994834,0.0,14.040269546857289,2.0,0.0,4.0,3.6051556192751453,0.0,12.997147039191155,1.8306765014472313,0.0,3.382084602328371,0.04025509878681504,0.0009551304500479586,0.958789770667258,3,0.958789770667258
27,0.07798570394515991,1.8616302013397217,0.8272165656089783,2.0435855388641357,10.030442197283701,0.0,3.2033321061716666,2.0,0.0,4.0,3.634180815367054,0.0,13.207270198781947,7.024187624393731,0.0,-7.721940588734544,0.9999994165792876,5.833206306863378e-07,1e-10,1,0.9999994165792876
28,0.07758233696222305,1.873592734336853,0.8329389095306396,2.0435855388641357,10.678961874010021,12.498570126214021,0.0,2.0,4.0,0.0,3.6644399794240483,13.428120362801318,0.0,7.626707233508075,1.3137661941761145,0.0,0.9999973341621422,2.4954594896660347e-06,1.702783684865894e-07,1,0.9999973341621422
29,0.077721506357193,1.8778647184371948,0.8333936929702759,2.0435855388641357,0.0,12.216916581117944,9.991837573333678,0.0,4.0,2.0,0.0,13.50788069236169,3.6753068841066443,0.0,0.9595340067087488,6.928859996388963,7.087777461572638e-07,5.036324466270096e-06,0.9999942547977881,3,0.9999942547977881
30,0.0783749669790268,1.8632749319076538,0.8224518299102783,2.0435855388641357,0.0,6.216407109252862,4.390702904701966,0.0,4.0,2.0,0.0,13.237418197693227,3.638326290712974,0.0,-4.670731710727551,1.3983547890944052,0.05428662111172868,3.884496239153872e-06,0.9457094942974611,3,0.9457094942974611
31,0.07782880961894989,1.908057451248169,0.8424431681632996,2.0435855388641357,0.0,10.967814868879762,7.242303823632671,0.0,4.0,2.0,0.0,14.085265984071027,3.7530342369969167,0.0,-0.8982212311637898,4.080585770791657,0.0002389387861232213,3.8115288530542784e-05,0.9997229458253739,3,0.9997229458253739
32,0.07809936255216599,1.8735343217849731,0.8249191641807556,2.0435855388641357,0.0,7.191968361119932,5.331571876116872,0.0,4.0,2.0,0.0,13.4270330380404,3.6642916147654514,0.0,-3.8842485100477466,2.3088274999500045,0.008851392588487321,3.1598861414602832e-06,0.9911454474262567,3,0.9911454474262567
33,0.07858328521251678,1.8722827434539795,0.8132141828536987,2.0435855388641357,3.4542724691911864,0.0,6.043523691795904,2.0,0.0,4.0,3.6611141177041753,0.0,13.40375658285282,0.47700254362824523,0.0,-4.856601264898637,0.7260645761218277,0.2739220175876281,1.3406217937825313e-05,1,0.7260645761218277
34,0.07826109230518341,1.8506518602371216,0.8205673694610596,2.0435855388641357,5.107386326844456,0.0,14.63124157459599,2.0,0.0,4.0,3.6066310848074776,0.0,13.007787781899562,2.1479025449674967,0.0,3.9574753718949545,0.0241665097083518,0.0002998554357082322,0.9755336347583867,3,0.9755336347583867
35,0.07904263585805893,1.7881791591644287,0.7956320643424988,2.0435855388641357,6.49370546973298,12.435152144081387,0.0,2.0,4.0,0.0,3.4537871116251835,11.928645412428228,0.0,3.7457617003111188,2.9443393697814386,0.0,0.8369000031481274,0.1627034970108718,0.0003964997573106623,2,0.1627034970108718
36,0.07880587875843048,1.8548061847686768,0.8054792284965515,2.0435855388641357,0.0,3.337040968306284,1.665904714281261,0.0,2.0,4.0,0.0,3.6170315566092937,13.082917281507449,0.0,0.4235971806409493,-8.872113404111559,0.2961587764860041,0.7038412194866219,3.956989954426238e-09,2,0.7038412194866219
37,0.07749605178833008,1.8626079559326172,0.8288305401802063,2.0435855388641357,7.168790016986804,8.140782104746222,10.024132657069458,2.0,2.0,2.0,3.6366446356843465,3.6366446356843465,3.6366446356843465,4.154627879149098,5.126619966908516,7.009970519231752,0.002853877623925837,0.020801552300996416,0.9763445699774433,3,0.9763445699774433
38,0.07821837812662125,1.8556956052780151,0.8254376649856567,2.0435855388641357,15.867463497884561,0.0,0.8053391273020019,4.0,0.0,2.0,13.099058449654622,0.0,3.6192621416049184,5.055007277691013,0.0,-2.182136163835349,0.99996699550025,3.262692218246709e-05,3.774775709089813e-07,1,0.99996699550025
39,0.0783635601401329,1.8582829236984253,0.8194793462753296,2.0435855388641357,4.482210554437608,0.0,13.58647601512487,2.0,0.0,4.0,3.625758722789202,0.0,13.146126315881986,1.5109761665342387,0.0,2.8134970157329935,0.06507099458386022,0.0029673516501342685,0.9319616536728095,3,0.9319616536728095
40,0.0779457837343216,1.8630174398422241,0.8269426226615906,2.0435855388641357,7.3055681237469745,0.0,8.911121755520362,2.0,0.0,4.0,3.637676980549593,0.0,13.232693814820403,4.297417981055599,0.0,-2.031556772585029,0.999844160004161,0.00015342524808981074,2.4146477649590634e-06,1,0.999844160004161
41,0.07748674601316452,1.8823789358139038,0.8437650799751282,2.0435855388641357,2.4194910891961943,1.782195158302784,0.0,4.0,2.0,0.0,13.592678527401732,3.6868249927819647,0.0,-9.049536395553137,-1.3286190265861917,0.0,8.720422164118737e-09,0.06208548179500823,0.9379145093907783,3,0.9379145093907783
42,0.07837921380996704,1.872814416885376,0.8346074819564819,2.0435855388641357,0.0,11.861735183589968,19.221847252019938,0.0,2.0,4.0,0.0,3.6624635891915993,13.413639542154211,0.0,8.805015669657468,8.026723329870714,1.2730000171255175e-08,0.8306874076777996,0.1693125795091315,2,0.8306874076777996
43,0.07809417694807053,1.8614503145217896,0.8265612125396729,2.0435855388641357,8.980984403483884,4.6405818551648865,4.545380506000711,2.0,2.0,2.0,3.633727704731073,3.633727704731073,3.633727704731073,5.977486025822365,1.6370834775033685,1.5418821283391932,0.9997438237047407,0.00014050884889596827,0.00011566734638909373,1,0.9997438237047407
44,0.07822486758232117,1.8523807525634766,0.8230045437812805,2.0435855388641357,0.0,2.8101156871810993,5.316643353147418,0.0,4.0,2.0,0.0,13.039001636191607,3.610955778764344,0.0,-7.9210419057761445,2.3448103398310907,0.008229059010417405,7.678626048396036e-10,0.9917709401225429,3,0.9917709401225429
45,0.07876025140285492,1.7921323776245117,0.7955080270767212,2.0435855388641357,7.534850394228242,0.0,13.461979434050019,2.0,0.0,4.0,3.463264026830811,0.0,11.994197719540363,4.779796060998283,0.0,3.9204988698103556,0.8526722902554268,4.882333909882077e-05,0.1472788863202072,3,0.1472788863202072
46,0.07796750217676163,1.856695294380188,0.8247854709625244,2.0435855388641357,0.0,8.608196320683732,9.278918660594709,0.0,4.0,2.0,0.0,13.117224539830735,3.6217709121134005,0.0,-2.210699899121744,6.291734633128886,2.605983149923643e-06,2.844040789617103e-08,0.9999973654764426,3,0.9999973654764426
47,0.07831116020679474,1.8601229190826416,0.8191447854042053,2.0435855388641357,4.33353760635433,0.0,4.088085144162293,2.0,0.0,4.0,3.6303859206594966,0.0,13.1797019329227,1.3597259104412585,0.0,-6.7079989673730624,0.9415147314941797,0.05848520331231253,6.509935627633318e-08,1,0.9415147314941797
48,0.07752364873886108,1.8693464994430542,0.8318253755569458,2.0435855388641357,5.532412858806985,11.088260121328755,8.292609372096692,2.0,2.0,2.0,3.6536704153783788,3.6536704153783788,3.6536704153783788,2.4931970933735634,8.049044355895333,5.25339360666327,1.1685548899419646e-05,0.9966969724921404,0.0032913418592905707,2,0.9966969724921404
49,0.07761683315038681,1.8591727018356323,0.829716145992279,2.0435855388641357,4.064097148469245,10.820685966048849,8.235932994030351,2.0,2.0,2.0,3.6279955890748186,3.6279955890748186,3.6279955890748186,1.0538906306250988,7.810479448204703,5.225726476186205,1.0027776491039691e-06,0.9949432687883805,0.005055728334476122,2,0.9949432687883805
50,0.07730059325695038,1.8635655641555786,0.8345383405685425,2.0435855388641357,9.476578585713739,11.271659637626339,5.201903167860849,2.0,2.0,2.0,3.6390593087343452,3.6390593087343452,3.6390593087343452,6.439644068972071,8.234725120884672,2.1649686511191817,0.02488219551302743,0.9751138045952212,3.99979423997439e-06,2,0.9751138045952212
51,0.07817976176738739,1.8629859685897827,0.8247805833816528,2.0435855388641357,4.922770560980039,5.775358650088611,2.747238596975886,2.0,2.0,2.0,3.637597628365902,3.637597628365902,3.637597628365902,1.9225506669486938,2.775138756057266,-0.25298129705545946,0.14875642689425914,0.8494991487184395,0.0017444243023514265,2,0.8494991487184395
52,0.0780985876917839,1.8649606704711914,0.8259935975074768,2.0435855388641357,7.42117331469688,11.804024062651228,0.0,4.0,2.0,0.0,13.26838929015472,3.642580032086422,0.0,-3.538431288207695,8.795276277739264,0.0,1e-10,0.9999999842559621,1.5632724003454117e-08,2,0.9999999842559621
53,0.0782306119799614,1.855495810508728,0.827131450176239,2.0435855388641357,5.815676148331212,5.953777286338857,7.0537961222291665,2.0,2.0,2.0,3.6187609548983164,3.6187609548983164,3.6187609548983164,2.822485151865016,2.960586289872661,4.0606051257629705,0.06719463443479627,0.08910494997014881,0.8437004155106848,3,0.8437004155106848
54,0.07889833301305771,1.808475375175476,0.7999160289764404,2.0435855388641357,10.943965059767013,4.509801890502846,0.0,4.0,2.0,0.0,12.269042438800764,3.5027192920359407,0.0,1.1297613527780843,1.7079205837982876,0.0,0.22942612067411441,0.7477725895432167,0.022801289707891637,1,0.22942612067411441
55,0.0799126997590065,1.7377525568008423,0.7751429677009583,2.0435855388641357,9.901567738486694,0.0,5.149797617204696,4.0,0.0,2.0,11.123239524201892,0.0,3.3351520991106076,1.279466843248244,0.0,2.564577921366019,0.067137456755284,0.004913773463396778,0.9279487696885244,1,0.067137456755284
56,0.07810018211603165,1.8593791723251343,0.8260284066200256,2.0435855388641357,11.413754798145012,6.051631021303484,3.181418316039199,2.0,2.0,2.0,3.628514844779015,3.628514844779015,3.628514844779015,8.416498462515094,3.0543746856735643,0.18416198040927956,0.9999825319809279,1.7418528253610527e-05,4.939082029208936e-08,1,0.9999825319809279
57,0.07814725488424301,1.8502906560897827,0.8253273963928223,2.0435855388641357,7.509375816127159,1.370008627240717,3.9647016989325374,2.0,2.0,2.0,3.605728214137158,3.605728214137158,3.605728214137158,4.5334695370531986,-1.605897651833244,0.9887954198585764,0.9992823980987248,3.5554110892095155e-06,0.0007140463902576232,1,0.9992823980987248
58,0.07482439279556274,1.9177693128585815,0.90566486120224,2.0435855388641357,0.0,3.5648815877949573,3.562061567546948,0.0,4.0,2.0,0.0,14.276185285362061,3.778383951554164,0.0,-9.364557777169935,0.14011199049387502,0.42890237419886673,2.0948145595806564e-09,0.571097623649209,1,0.42890237419886673
59,0.07813431322574615,1.860285758972168,0.826245903968811,2.0435855388641357,0.0,2.3980707142651294,10.931422000504735,0.0,4.0,2.0,0.0,13.182677507674024,3.630795712743148,0.0,-8.494062579792308,7.931491914703189,9.133952131067229e-08,1e-10,0.9999999085604759,3,0.9999999085604759
60,0.07840768992900848,1.8421186208724976,0.8142569065093994,2.0435855388641357,11.680538341792316,1.0131522032371068,0.0,4.0,2.0,0.0,12.854817664837267,3.5853615807666133,0.0,1.2134142762795417,-1.906253226235566,0.0,0.9212598137012599,0.001568994081875897,0.07717119212473812,1,0.9212598137012599
61,0.07793591171503067,1.9180693626403809,0.8536234498023987,2.0435855388641357,15.198498607053967,9.252046792531853,0.0,4.0,2.0,0.0,14.282124804348793,3.779169856509336,0.0,3.0069419610573416,6.026058782229118,0.0,0.0020872301637534538,0.9979082940932359,4.4756432198482986e-06,2,0.9979082940932359
62,0.07820387184619904,1.848023772239685,0.8202062845230103,2.0435855388641357,4.111621738817108,14.369200442498418,0.0,2.0,4.0,0.0,3.6000670393692578,12.960482687952934,0.0,1.158824128422296,3.7389310913877445,0.0,0.005101279288169333,0.994420969267987,0.00047775134440167287,2,0.994420969267987
63,0.07804855704307556,1.862167477607727,0.8247501850128174,2.0435855388641357,4.69167073522303,0.0,21.395542543142007,2.0,0.0,4.0,3.6355344782502605,0.0,13.217110942546395,1.6932630016656511,0.0,10.494727847941935,1.54362639050418e-08,4.849991001322867e-10,0.999999983978737,3,0.999999983978737
64,0.07801081985235214,1.8771878480911255,0.8256031274795532,2.0435855388641357,5.4402940769623065,0.0,7.8242628173313005,2.0,0.0,4.0,3.673582941981807,0.0,13.495211631619707,2.4073725110065887,0.0,-3.317426111732374,0.9927432166807393,0.0072485423028740585,8.240917112379225e-06,1,0.9927432166807393
65,0.07794805616140366,1.862688660621643,0.8259261250495911,2.0435855388641357,9.845602752773365,4.565439905796008,7.14380165858167,2.0,2.0,2.0,3.63684807610337,3.63684807610337,3.63684807610337,6.841834913883249,1.5616720669058908,4.140033819691553,0.9959951114596456,2.0512474052418156e-05,0.003984375966702345,1,0.9959951114596456
66,0.07820231467485428,1.8645110130310059,0.8275893330574036,2.0435855388641357,5.332202669176477,5.037740216538574,7.14790220116793,2.0,2.0,2.0,3.6414448940693087,3.6414448940693087,3.6414448940693087,2.3185817179283696,2.024119265290467,4.134281249919823,0.023571779706458972,0.012913729031201374,0.9635144911659883,3,0.9635144911659883
67,0.07810667157173157,1.8612309694290161,0.8247073292732239,2.0435855388641357,4.983020257401427,1.0385875327081129,0.31242668628692627,2.0,2.0,2.0,3.6331752804621815,3.6331752804621815,3.6331752804621815,1.9867139750699652,-1.957718749623349,-2.6838795960445356,0.9996128956036325,0.00031555648631925026,7.154781008690863e-05,1,0.9996128956036325
68,0.07826685905456543,1.8607555627822876,0.8233270645141602,2.0435855388641357,0.0,14.874554274527531,3.200081006237099,0.0,4.0,2.0,0.0,13.191266002373004,3.631978249160229,0.0,4.013827959568326,0.20977501597672843,0.0002737500649584911,0.999305975066864,0.0004202747682469323,2,0.999305975066864
69,0.07928961515426636,1.7917604446411133,0.7924733757972717,2.0435855388641357,0.0,10.226379709590068,4.295621057998748,0.0,4.0,2.0,0.0,11.988015002142955,3.4623712975564818,0.0,0.7261969917335023,1.5517839875605826,0.03419165367504772,0.15081097634652965,0.814997369896923,2,0.15081097634652965
70,0.07827214151620865,1.8540186882019043,0.8272337317466736,2.0435855388641357,7.628419802676346,4.84875460118976,6.082729281036498,2.0,2.0,2.0,3.6150577349820976,3.6150577349820976,3.6150577349820976,4.637922102087428,1.8582569006008418,3.0922315804475797,0.9561228706780319,0.003262203286886277,0.04061492593946932,1,0.9561228706780319
71,0.07808578759431839,1.859482765197754,0.8270410299301147,2.0435855388641357,8.266274953491099,2.905105741021242,5.048826062092582,2.0,2.0,2.0,3.6287754000322963,3.6287754000322963,3.6287754000322963,5.265128809263324,-0.09604040320653251,2.0476799178648073,0.9985899164189925,1.7428235227610702e-05,0.0013926552459207011,1,0.9985899164189925
72,0.078249491751194,1.8629956245422363,0.826532781124115,2.0435855388641357,2.6223955350647064,5.821803140464404,6.9063993457824475,2.0,2.0,2.0,3.6376219748745497,3.6376219748745497,3.6376219748745497,-0.38421827250655083,2.8151893328931465,3.8997855382111903,0.00014219325505943634,0.09826765407150533,0.9015901525832763,3,0.9015901525832763
73,0.07728666812181473,1.8658024072647095,0.8337246179580688,2.0435855388641357,10.687261258407826,4.517370196141438,9.123973518543433,2.0,2.0,2.0,3.644705906353477,3.644705906353477,3.644705906353477,7.648580219063756,1.4786891567973686,6.085292479199364,0.9606317181232612,3.211204933909657e-06,0.03936507057574179,1,0.9606317181232612
74,0.07830629497766495,1.8621234893798828,0.8271794319152832,2.0435855388641357,2.9558354907988678,5.514007630876282,5.779585894974922,2.0,2.0,2.0,3.635423631344684,3.635423631344684,3.635423631344684,-0.05131216334822364,2.506859976729191,2.7724382408278303,0.0019680673655932393,0.3668289341540637,0.6312029984172228,3,0.6312029984172228
75,0.07817475497722626,1.861757516860962,0.8266236186027527,2.0435855388641357,5.005479475475683,6.910958011380345,7.830721194159812,2.0,2.0,2.0,3.634501540141172,3.634501540141172,3.634501540141172,2.0011146605469095,3.906593196451571,4.826356379231038,0.002689556447370837,0.1320769452288137,0.8652334982372922,3,0.8652334982372922
76,0.07805333286523819,1.853205919265747,0.8265697360038757,2.0435855388641357,9.691155927790682,9.750932292341805,5.0528959416011805,2.0,2.0,2.0,3.61302169891416,3.61302169891416,3.61302169891416,6.704741535942929,6.764517900494052,2.0664815497534286,0.46948153787277924,0.5304825632974391,3.5898776733343945e-05,2,0.5304825632974391
77,0.07808979600667953,1.861009955406189,0.8230563998222351,2.0435855388641357,5.214403722796286,7.047736045090365,0.0,4.0,2.0,0.0,13.195918895010458,3.6326187379093966,0.0,-5.6465817752772285,4.057885944739866,0.0,2.4378234617454262e-09,0.9997497067231575,0.00025029073904396965,2,0.9997497067231575
78,0.07824306935071945,1.8612608909606934,0.8255602121353149,2.0435855388641357,7.145358626951538,0.3606054572464898,6.849409639885165,2.0,2.0,2.0,3.633250633390899,3.633250633390899,3.633250633390899,4.14589146330858,-2.6388617063964683,3.849942476242207,0.6467526338340248,6.153867851510607e-07,0.3532467507145148,1,0.6467526338340248
79,0.07813360542058945,1.8604826927185059,0.8268955945968628,2.0435855388641357,8.318748304516248,8.629332368209997,0.0,2.0,4.0,0.0,3.631291364967524,13.1862769772877,0.0,5.3160494721269735,-2.2743419734432386,0.0,0.9999806782480158,1.833931708063433e-07,1.913825881532643e-05,1,0.9999806782480158
80,0.0774904191493988,1.8758503198623657,0.8435102701187134,2.0435855388641357,0.0,1.6327320405673795,2.817281983483663,0.0,2.0,4.0,0.0,3.6701787271076483,13.470211888913518,0.0,-1.4631014089191483,-8.544980085490081,0.9521190501363413,0.04788092494464587,2.482380085933923e-08,1,0.9521190501363413
81,0.07793132960796356,1.8629506826400757,0.8265129923820496,2.0435855388641357,10.755489437333026,6.776961271472583,6.39337791556723,2.0,2.0,2.0,3.6375086597941286,3.6375086597941286,3.6375086597941286,7.749041270110961,3.770513104250519,3.386929748345166,0.9995713058132375,0.00029430573622965804,0.00013438835057576177,1,0.9995713058132375
82,0.07762249559164047,1.922113060951233,0.8521090745925903,2.0435855388641357,9.054907864563539,14.102599922513445,0.0,2.0,4.0,0.0,3.789777267568404,14.362411737778238,0.0,5.825604264183791,1.8642585477174727,0.0,0.9996883870688925,0.0003048592137750357,6.753617363490327e-06,1,0.9996883870688925
83,0.07820291817188263,1.8552664518356323,0.8255382776260376,2.0435855388641357,4.461079761876121,9.733466052358166,2.212843359289213,2.0,2.0,2.0,3.6181856924797984,3.6181856924797984,3.6181856924797984,1.4741289771751762,6.746515267657221,-0.7741074254117319,2.0924423038976613e-05,0.9999788639803632,2.1149659982810457e-07,2,0.9999788639803632
84,0.07821521908044815,1.8538814783096313,0.824586808681488,2.0435855388641357,1.2147377823123553,3.475547667784565,5.441849538422389,2.0,2.0,2.0,3.614713935300538,3.614713935300538,3.614713935300538,-1.765907645893618,0.4949022395785918,2.4612041102164155,0.00017399881253324479,0.017662638399458395,0.9821633626897921,3,0.9821633626897921
85,0.0776415541768074,1.8556126356124878,0.8282119035720825,2.0435855388641357,11.540852788714023,7.194376130768935,7.569802291804928,2.0,2.0,2.0,3.619054003137563,3.619054003137563,3.619054003137563,8.543509183645297,4.197032525700209,4.572458686736201,0.9995624146057859,0.00013875031648744428,0.0002988349777704421,1,0.9995624146057859
86,0.07800258696079254,1.8615431785583496,0.8280524015426636,2.0435855388641357,11.88633168257975,6.093086611638884,7.171859362462132,2.0,2.0,2.0,3.6339616096613727,3.6339616096613727,3.6339616096613727,8.877221044585806,3.083975973644941,4.162748724468189,0.9999273509161514,7.217048369077291e-06,6.543193548676691e-05,1,0.9999273509161514
87,0.07808899879455566,1.858069658279419,0.8254391551017761,2.0435855388641357,7.6357917234769275,7.646174291330053,0.0,2.0,4.0,0.0,3.625222787070542,13.14224025589551,0.0,4.643390889061713,-3.201945401640887,0.0,0.9999242295699519,1.0891570914128251e-07,7.566141434667972e-05,1,0.9999242295699519
88,0.07827974855899811,1.8578298091888428,0.8215773701667786,2.0435855388641357,14.959087461082605,4.368649283457011,0.0,4.0,2.0,0.0,13.13787116846632,3.624620141265333,0.0,4.165309816904104,1.3907433999427017,0.0,0.9963646110982018,0.003435111756109419,0.00020027704605230724,1,0.9963646110982018
89,0.07828489691019058,1.855989933013916,0.8224248886108398,2.0435855388641357,14.276222063440047,3.5922048744146906,0.0,4.0,2.0,0.0,13.104404281956649,3.6200005914304283,0.0,3.4988338315404377,0.6150262912363464,0.0,0.9964699314448211,0.0027481049878064633,0.0007819634677253748,1,0.9964699314448211
90,0.07812799513339996,1.8623342514038086,0.826504647731781,2.0435855388641357,6.209944333011792,6.3662003232785915,2.9493280722255655,2.0,2.0,2.0,3.6359547659162934,3.6359547659162934,3.6359547659162934,3.204810820039455,3.361066810306255,-0.05580544074677096,0.42061485286274275,0.5788480791325983,0.0005370679467741629,2,0.5788480791325983
91,0.07820990681648254,1.8620702028274536,0.8257045745849609,2.0435855388641357,1.8696126170726632,4.647160168321903,6.806453611562199,2.0,2.0,2.0,3.635289357912713,3.635289357912713,3.635289357912713,-1.132062435695889,1.6454851155533503,3.804778558793647,4.1040654428833966e-05,0.011976709359463924,0.9879822498873091,3,0.9879822498873091
92,0.07757054269313812,1.8923238515853882,0.8385063409805298,2.0435855388641357,13.035716526537502,0.0,9.519860606349539,4.0,0.0,2.0,13.781372822056815,0.0,3.7123271437276126,1.479948027826124,0.0,6.407050756539798,4.237295225873306e-05,2.058772337166682e-06,0.9999555681754084,3,0.9999555681754084
93,0.07814408093690872,1.8594441413879395,0.8249843716621399,2.0435855388641357,6.660616001863574,0.0,6.0744380507739475,4.0,0.0,2.0,13.167305855177759,0.0,3.6286782518126017,-4.202205545553464,0.0,3.080835203238256,3.430604538179274e-07,0.0018403625828362492,0.9981592942568939,3,0.9981592942568939
94,0.07824131101369858,1.8604656457901,0.8263195157051086,2.0435855388641357,8.156219857520615,6.411765028947829,7.901789991506941,2.0,2.0,2.0,3.631248457772,3.631248457772,3.631248457772,5.155648390489533,3.4111935619167473,4.90121852447586,0.6162001376466295,0.017437606178789904,0.3663622561129606,1,0.6162001376466295
95,0.07742919772863388,1.8571429252624512,0.831131100654602,2.0435855388641357,8.264900511528868,11.581346550812196,5.525411638585247,2.0,2.0,2.0,3.6228948281175017,3.6228948281175017,3.6228948281175017,5.253799945479704,8.570245984763032,2.5143110725360827,0.0011378850957052121,0.9988579002376756,4.21456673344463e-06,2,0.9988579002376756
96,0.07820158451795578,1.8494412899017334,0.8166725039482117,2.0435855388641357,0.5474110916256905,12.786461583956633,0.0,2.0,4.0,0.0,3.603606017697699,12.98597633078707,0.0,-2.3955548580903328,2.1811717776805466,0.0,8.570976959519598e-05,0.9884557787805763,0.011458511350982824,2,0.9884557787805763
97,0.07820647209882736,1.8575034141540527,0.8250935077667236,2.0435855388641357,5.019648548608226,5.7907855725572634,7.941259662621455,2.0,2.0,2.0,3.623800200691427,3.623800200691427,3.623800200691427,2.029674529573979,2.8008115535230167,4.951285643587209,0.00251533814058377,0.012161700550649211,0.9853229612102347,3,0.9853229612102347
98,0.0782337337732315,1.8576619625091553,0.8275578022003174,2.0435855388641357,3.2049171076463323,5.7560277366624675,7.415964708672552,2.0,2.0,2.0,3.6241984685973514,3.6241984685973514,3.6241984685973514,0.20568338823615218,2.7567940172522873,4.416730989262373,0.00017708270886054804,0.03253363299588397,0.9672892841985266,3,0.9672892841985266
99,0.0781743973493576,1.8550204038619995,0.8272529244422913,2.0435855388641357,4.597523619084627,4.711093758976795,2.133881998173596,2.0,2.0,2.0,3.6175686727200818,3.6175686727200818,3.6175686727200818,1.6048793552061213,1.7184494950982896,-0.8587622657049097,0.4409672700179029,0.5561627407296081,0.002869989196872494,2,0.5561627407296081
100,0.07825975120067596,1.8585872650146484,0.8285763263702393,2.0435855388641357,8.821968192395856,0.0,8.686157465166943,4.0,0.0,2.0,13.151673924207573,0.0,3.6265236693295653,-2.075197473343323,0.0,5.6813058057391315,1.3060515663358674e-07,9.072673358668487e-06,0.9999907966214856,3,0.9999907966214856
